table_name,table_description,column_name,ordinal_position,data_type,character_maximum_length,is_nullable,column_default,column_description,sensitivity,is_primary_key,foreign_key_references
active_agency,"One row per prison that has ever been switched on for CSRA in DPS. The switched-on ids are published unauthenticated on the actuator /info payload, which is how the DPS home page decides whether to show the CSRA tile. Switching a prison off flips the flag rather than deleting the row, so deactivation stays auditable and the toggle is idempotent. Note the API itself enforces no rollout check - this drives the front end only.",id,1,uuid,,NO,,Primary key. Time-ordered UUID v7.,NONE,Y,
active_agency,"One row per prison that has ever been switched on for CSRA in DPS. The switched-on ids are published unauthenticated on the actuator /info payload, which is how the DPS home page decides whether to show the CSRA tile. Switching a prison off flips the flag rather than deleting the row, so deactivation stays auditable and the toggle is idempotent. Note the API itself enforces no rollout check - this drives the front end only.",agency_id,2,character varying,6,NO,,Agency (prison) code. Unique - one row per prison.,NONE,N,
active_agency,"One row per prison that has ever been switched on for CSRA in DPS. The switched-on ids are published unauthenticated on the actuator /info payload, which is how the DPS home page decides whether to show the CSRA tile. Switching a prison off flips the flag rather than deleting the row, so deactivation stays auditable and the toggle is idempotent. Note the API itself enforces no rollout check - this drives the front end only.",active,3,boolean,,NO,true,Whether CSRA is currently switched on for the prison. False means it was switched on at some point and has since been switched off.,NONE,N,
active_agency,"One row per prison that has ever been switched on for CSRA in DPS. The switched-on ids are published unauthenticated on the actuator /info payload, which is how the DPS home page decides whether to show the CSRA tile. Switching a prison off flips the flag rather than deleting the row, so deactivation stays auditable and the toggle is idempotent. Note the API itself enforces no rollout check - this drives the front end only.",updated_at,4,timestamp without time zone,,NO,,When the prison was last switched on or off.,NONE,N,
active_agency,"One row per prison that has ever been switched on for CSRA in DPS. The switched-on ids are published unauthenticated on the actuator /info payload, which is how the DPS home page decides whether to show the CSRA tile. Switching a prison off flips the flag rather than deleting the row, so deactivation stays auditable and the toggle is idempotent. Note the API itself enforces no rollout check - this drives the front end only.",updated_by,5,character varying,40,YES,,Username of the member of staff who last changed the switch. Identifies a member of staff.,STAFF,N,
csra_assessment_stage,"The answers captured at one stage of a new (DPS) CSRA. A review record has up to two: an initial assessment has PROVISIONAL (Day 1) and/or FINAL (Day 2), a review has INTERIM and/or FINAL. Both journeys share this table, so a null answer means either ""not answered"" or ""not asked on this journey"" - narrow by the parent review's type before counting unanswered questions. The stage's rating is not stored here; it lives on csra_review. Holds the most sensitive data in the service: offence questions, healthcare answers and free-text risk descriptions.",id,1,uuid,,NO,,Primary key. Time-ordered UUID v7.,NONE,Y,
csra_assessment_stage,"The answers captured at one stage of a new (DPS) CSRA. A review record has up to two: an initial assessment has PROVISIONAL (Day 1) and/or FINAL (Day 2), a review has INTERIM and/or FINAL. Both journeys share this table, so a null answer means either ""not answered"" or ""not asked on this journey"" - narrow by the parent review's type before counting unanswered questions. The stage's rating is not stored here; it lives on csra_review. Holds the most sensitive data in the service: offence questions, healthcare answers and free-text risk descriptions.",csra_review_id,2,uuid,,NO,,Foreign key to csra_review - the assessment or review this stage belongs to. Unique per stage.,NONE,N,csra_review
csra_assessment_stage,"The answers captured at one stage of a new (DPS) CSRA. A review record has up to two: an initial assessment has PROVISIONAL (Day 1) and/or FINAL (Day 2), a review has INTERIM and/or FINAL. Both journeys share this table, so a null answer means either ""not answered"" or ""not asked on this journey"" - narrow by the parent review's type before counting unanswered questions. The stage's rating is not stored here; it lives on csra_review. Holds the most sensitive data in the service: offence questions, healthcare answers and free-text risk descriptions.",stage,3,character varying,20,NO,,"Which stage this is. PROVISIONAL (initial assessment, Day 1), INTERIM (review, first sitting) or FINAL (completes either journey). A review carries PROVISIONAL or INTERIM, never both.",NONE,N,
csra_assessment_stage,"The answers captured at one stage of a new (DPS) CSRA. A review record has up to two: an initial assessment has PROVISIONAL (Day 1) and/or FINAL (Day 2), a review has INTERIM and/or FINAL. Both journeys share this table, so a null answer means either ""not answered"" or ""not asked on this journey"" - narrow by the parent review's type before counting unanswered questions. The stage's rating is not stored here; it lives on csra_review. Holds the most sensitive data in the service: offence questions, healthcare answers and free-text risk descriptions.",completed_by,4,character varying,40,YES,,Username of the assessor who submitted this stage. Identifies a member of staff.,STAFF,N,
csra_assessment_stage,"The answers captured at one stage of a new (DPS) CSRA. A review record has up to two: an initial assessment has PROVISIONAL (Day 1) and/or FINAL (Day 2), a review has INTERIM and/or FINAL. Both journeys share this table, so a null answer means either ""not answered"" or ""not asked on this journey"" - narrow by the parent review's type before counting unanswered questions. The stage's rating is not stored here; it lives on csra_review. Holds the most sensitive data in the service: offence questions, healthcare answers and free-text risk descriptions.",completed_at,5,timestamp without time zone,,YES,,When this stage was submitted. Null while it is still a draft.,NONE,N,
csra_assessment_stage,"The answers captured at one stage of a new (DPS) CSRA. A review record has up to two: an initial assessment has PROVISIONAL (Day 1) and/or FINAL (Day 2), a review has INTERIM and/or FINAL. Both journeys share this table, so a null answer means either ""not answered"" or ""not asked on this journey"" - narrow by the parent review's type before counting unanswered questions. The stage's rating is not stored here; it lives on csra_review. Holds the most sensitive data in the service: offence questions, healthcare answers and free-text risk descriptions.",prison_id,6,character varying,6,YES,,Agency code where this stage was completed. Indicates where the prisoner was held at the time.,PERSONAL,N,
csra_assessment_stage,"The answers captured at one stage of a new (DPS) CSRA. A review record has up to two: an initial assessment has PROVISIONAL (Day 1) and/or FINAL (Day 2), a review has INTERIM and/or FINAL. Both journeys share this table, so a null answer means either ""not answered"" or ""not asked on this journey"" - narrow by the parent review's type before counting unanswered questions. The stage's rating is not stored here; it lives on csra_review. Holds the most sensitive data in the service: offence questions, healthcare answers and free-text risk descriptions.",assessment_comment,7,text,,YES,,"The assessor's free-text comment on the assessment. Unstructured and unbounded - in practice describes offending, behaviour, health and third parties, so treat as special category regardless of what any individual comment happens to say.",SPECIAL-CATEGORY,N,
csra_assessment_stage,"The answers captured at one stage of a new (DPS) CSRA. A review record has up to two: an initial assessment has PROVISIONAL (Day 1) and/or FINAL (Day 2), a review has INTERIM and/or FINAL. Both journeys share this table, so a null answer means either ""not answered"" or ""not asked on this journey"" - narrow by the parent review's type before counting unanswered questions. The stage's rating is not stored here; it lives on csra_review. Holds the most sensitive data in the service: offence questions, healthcare answers and free-text risk descriptions.",question_set_version,8,integer,,YES,,"Version of the question set the stage was captured against, so answers stay interpretable when the questions change.",NONE,N,
csra_assessment_stage,"The answers captured at one stage of a new (DPS) CSRA. A review record has up to two: an initial assessment has PROVISIONAL (Day 1) and/or FINAL (Day 2), a review has INTERIM and/or FINAL. Both journeys share this table, so a null answer means either ""not answered"" or ""not asked on this journey"" - narrow by the parent review's type before counting unanswered questions. The stage's rating is not stored here; it lives on csra_review. Holds the most sensitive data in the service: offence questions, healthcare answers and free-text risk descriptions.",dps_checked,9,boolean,,YES,,"Whether the assessor checked DPS (current and historical adjudications) as an evidence source. Records which sources were consulted, not what was found. Initial assessment journey only.",NONE,N,
csra_assessment_stage,"The answers captured at one stage of a new (DPS) CSRA. A review record has up to two: an initial assessment has PROVISIONAL (Day 1) and/or FINAL (Day 2), a review has INTERIM and/or FINAL. Both journeys share this table, so a null answer means either ""not answered"" or ""not asked on this journey"" - narrow by the parent review's type before counting unanswered questions. The stage's rating is not stored here; it lives on csra_review. Holds the most sensitive data in the service: offence questions, healthcare answers and free-text risk descriptions.",per_checked,10,boolean,,YES,,Whether the assessor checked the Person Escort Record as an evidence source. Initial assessment journey only.,NONE,N,
csra_assessment_stage,"The answers captured at one stage of a new (DPS) CSRA. A review record has up to two: an initial assessment has PROVISIONAL (Day 1) and/or FINAL (Day 2), a review has INTERIM and/or FINAL. Both journeys share this table, so a null answer means either ""not answered"" or ""not asked on this journey"" - narrow by the parent review's type before counting unanswered questions. The stage's rating is not stored here; it lives on csra_review. Holds the most sensitive data in the service: offence questions, healthcare answers and free-text risk descriptions.",warrant_checked,11,boolean,,YES,,Whether the assessor checked the warrant (current charge or offence) as an evidence source. Initial assessment journey only.,NONE,N,
csra_assessment_stage,"The answers captured at one stage of a new (DPS) CSRA. A review record has up to two: an initial assessment has PROVISIONAL (Day 1) and/or FINAL (Day 2), a review has INTERIM and/or FINAL. Both journeys share this table, so a null answer means either ""not answered"" or ""not asked on this journey"" - narrow by the parent review's type before counting unanswered questions. The stage's rating is not stored here; it lives on csra_review. Holds the most sensitive data in the service: offence questions, healthcare answers and free-text risk descriptions.",pnc_checked,12,boolean,,YES,,Whether the assessor checked the PNC (current and previous convictions) as an evidence source. Initial assessment journey only.,NONE,N,
csra_assessment_stage,"The answers captured at one stage of a new (DPS) CSRA. A review record has up to two: an initial assessment has PROVISIONAL (Day 1) and/or FINAL (Day 2), a review has INTERIM and/or FINAL. Both journeys share this table, so a null answer means either ""not answered"" or ""not asked on this journey"" - narrow by the parent review's type before counting unanswered questions. The stage's rating is not stored here; it lives on csra_review. Holds the most sensitive data in the service: offence questions, healthcare answers and free-text risk descriptions.",offence_murder_manslaughter,13,boolean,,YES,,"Is there evidence of murder, manslaughter or a life-threatening assault on another prisoner in custody? Criminal offence data about the prisoner whichever way it is answered - a recorded No is still offence data. Selecting Yes forces a HIGH_GENERAL rating.",SPECIAL-CATEGORY,N,
csra_assessment_stage,"The answers captured at one stage of a new (DPS) CSRA. A review record has up to two: an initial assessment has PROVISIONAL (Day 1) and/or FINAL (Day 2), a review has INTERIM and/or FINAL. Both journeys share this table, so a null answer means either ""not answered"" or ""not asked on this journey"" - narrow by the parent review's type before counting unanswered questions. The stage's rating is not stored here; it lives on csra_review. Holds the most sensitive data in the service: offence questions, healthcare answers and free-text risk descriptions.",offence_assisting_suicide,14,boolean,,YES,,Is there evidence of assisting a suicide in custody? Criminal offence data whichever way it is answered. Selecting Yes forces a HIGH_GENERAL rating.,SPECIAL-CATEGORY,N,
csra_assessment_stage,"The answers captured at one stage of a new (DPS) CSRA. A review record has up to two: an initial assessment has PROVISIONAL (Day 1) and/or FINAL (Day 2), a review has INTERIM and/or FINAL. Both journeys share this table, so a null answer means either ""not answered"" or ""not asked on this journey"" - narrow by the parent review's type before counting unanswered questions. The stage's rating is not stored here; it lives on csra_review. Holds the most sensitive data in the service: offence questions, healthcare answers and free-text risk descriptions.",offence_sexual_assault,15,boolean,,YES,,Is there evidence of sexual assault of a same-sex adult victim? Criminal offence data whichever way it is answered. Selecting Yes forces a HIGH_GENERAL rating.,SPECIAL-CATEGORY,N,
csra_assessment_stage,"The answers captured at one stage of a new (DPS) CSRA. A review record has up to two: an initial assessment has PROVISIONAL (Day 1) and/or FINAL (Day 2), a review has INTERIM and/or FINAL. Both journeys share this table, so a null answer means either ""not answered"" or ""not asked on this journey"" - narrow by the parent review's type before counting unanswered questions. The stage's rating is not stored here; it lives on csra_review. Holds the most sensitive data in the service: offence questions, healthcare answers and free-text risk descriptions.",offence_repeated_violence,16,boolean,,YES,,Is there evidence of repeated violence in custody? Criminal offence data whichever way it is answered.,SPECIAL-CATEGORY,N,
csra_assessment_stage,"The answers captured at one stage of a new (DPS) CSRA. A review record has up to two: an initial assessment has PROVISIONAL (Day 1) and/or FINAL (Day 2), a review has INTERIM and/or FINAL. Both journeys share this table, so a null answer means either ""not answered"" or ""not asked on this journey"" - narrow by the parent review's type before counting unanswered questions. The stage's rating is not stored here; it lives on csra_review. Holds the most sensitive data in the service: offence questions, healthcare answers and free-text risk descriptions.",offence_prejudice_motivated,17,boolean,,YES,,"Is there evidence of offending or behaviour motivated by prejudice? Criminal offence data, and an answer that may reveal the victim's race, religion or sexual orientation.",SPECIAL-CATEGORY,N,
csra_assessment_stage,"The answers captured at one stage of a new (DPS) CSRA. A review record has up to two: an initial assessment has PROVISIONAL (Day 1) and/or FINAL (Day 2), a review has INTERIM and/or FINAL. Both journeys share this table, so a null answer means either ""not answered"" or ""not asked on this journey"" - narrow by the parent review's type before counting unanswered questions. The stage's rating is not stored here; it lives on csra_review. Holds the most sensitive data in the service: offence questions, healthcare answers and free-text risk descriptions.",offence_arson,18,boolean,,YES,,Is there evidence of arson or fire setting? Criminal offence data whichever way it is answered.,SPECIAL-CATEGORY,N,
csra_assessment_stage,"The answers captured at one stage of a new (DPS) CSRA. A review record has up to two: an initial assessment has PROVISIONAL (Day 1) and/or FINAL (Day 2), a review has INTERIM and/or FINAL. Both journeys share this table, so a null answer means either ""not answered"" or ""not asked on this journey"" - narrow by the parent review's type before counting unanswered questions. The stage's rating is not stored here; it lives on csra_review. Holds the most sensitive data in the service: offence questions, healthcare answers and free-text risk descriptions.",offence_kidnap_hostage,19,boolean,,YES,,"Is there evidence of kidnap, hostage taking or false imprisonment? Criminal offence data whichever way it is answered.",SPECIAL-CATEGORY,N,
csra_assessment_stage,"The answers captured at one stage of a new (DPS) CSRA. A review record has up to two: an initial assessment has PROVISIONAL (Day 1) and/or FINAL (Day 2), a review has INTERIM and/or FINAL. Both journeys share this table, so a null answer means either ""not answered"" or ""not asked on this journey"" - narrow by the parent review's type before counting unanswered questions. The stage's rating is not stored here; it lives on csra_review. Holds the most sensitive data in the service: offence questions, healthcare answers and free-text risk descriptions.",officer_spoke_to_prisoner,20,boolean,,YES,,"Did the officer speak to the prisoner as part of the assessment? A plain yes/no about process, with no detail box behind it. Initial assessment journey only.",NONE,N,
csra_assessment_stage,"The answers captured at one stage of a new (DPS) CSRA. A review record has up to two: an initial assessment has PROVISIONAL (Day 1) and/or FINAL (Day 2), a review has INTERIM and/or FINAL. Both journeys share this table, so a null answer means either ""not answered"" or ""not asked on this journey"" - narrow by the parent review's type before counting unanswered questions. The stage's rating is not stored here; it lives on csra_review. Holds the most sensitive data in the service: offence questions, healthcare answers and free-text risk descriptions.",likely_to_harm_cellmate,21,boolean,,YES,,Is the prisoner likely to harm a cellmate? The assessor's risk judgement about the person.,PERSONAL,N,
csra_assessment_stage,"The answers captured at one stage of a new (DPS) CSRA. A review record has up to two: an initial assessment has PROVISIONAL (Day 1) and/or FINAL (Day 2), a review has INTERIM and/or FINAL. Both journeys share this table, so a null answer means either ""not answered"" or ""not asked on this journey"" - narrow by the parent review's type before counting unanswered questions. The stage's rating is not stored here; it lives on csra_review. Holds the most sensitive data in the service: offence questions, healthcare answers and free-text risk descriptions.",significantly_vulnerable,22,boolean,,YES,,"Is the prisoner significantly vulnerable? Vulnerability here is routinely a matter of disability, mental health or belonging to an at-risk group.",SPECIAL-CATEGORY,N,
csra_assessment_stage,"The answers captured at one stage of a new (DPS) CSRA. A review record has up to two: an initial assessment has PROVISIONAL (Day 1) and/or FINAL (Day 2), a review has INTERIM and/or FINAL. Both journeys share this table, so a null answer means either ""not answered"" or ""not asked on this journey"" - narrow by the parent review's type before counting unanswered questions. The stage's rating is not stored here; it lives on csra_review. Holds the most sensitive data in the service: offence questions, healthcare answers and free-text risk descriptions.",cause_for_concern_sharing,23,boolean,,YES,,Is there any other cause for concern about this person sharing a cell? The assessor's risk judgement about the person. Initial assessment journey only.,PERSONAL,N,
csra_assessment_stage,"The answers captured at one stage of a new (DPS) CSRA. A review record has up to two: an initial assessment has PROVISIONAL (Day 1) and/or FINAL (Day 2), a review has INTERIM and/or FINAL. Both journeys share this table, so a null answer means either ""not answered"" or ""not asked on this journey"" - narrow by the parent review's type before counting unanswered questions. The stage's rating is not stored here; it lives on csra_review. Holds the most sensitive data in the service: offence questions, healthcare answers and free-text risk descriptions.",other_high_risk_indicators,24,boolean,,YES,,Are there other indicators of high risk? The assessor's risk judgement about the person.,PERSONAL,N,
csra_assessment_stage,"The answers captured at one stage of a new (DPS) CSRA. A review record has up to two: an initial assessment has PROVISIONAL (Day 1) and/or FINAL (Day 2), a review has INTERIM and/or FINAL. Both journeys share this table, so a null answer means either ""not answered"" or ""not asked on this journey"" - narrow by the parent review's type before counting unanswered questions. The stage's rating is not stored here; it lives on csra_review. Holds the most sensitive data in the service: offence questions, healthcare answers and free-text risk descriptions.",seen_by_healthcare,25,boolean,,YES,,Has the prisoner been seen by healthcare as part of this assessment? Data concerning health. Initial assessment journey only.,SPECIAL-CATEGORY,N,
csra_assessment_stage,"The answers captured at one stage of a new (DPS) CSRA. A review record has up to two: an initial assessment has PROVISIONAL (Day 1) and/or FINAL (Day 2), a review has INTERIM and/or FINAL. Both journeys share this table, so a null answer means either ""not answered"" or ""not asked on this journey"" - narrow by the parent review's type before counting unanswered questions. The stage's rating is not stored here; it lives on csra_review. Holds the most sensitive data in the service: offence questions, healthcare answers and free-text risk descriptions.",healthcare_increased_risk,26,boolean,,YES,,Did healthcare identify anything that increases the risk of sharing a cell? Data concerning health.,SPECIAL-CATEGORY,N,
csra_assessment_stage,"The answers captured at one stage of a new (DPS) CSRA. A review record has up to two: an initial assessment has PROVISIONAL (Day 1) and/or FINAL (Day 2), a review has INTERIM and/or FINAL. Both journeys share this table, so a null answer means either ""not answered"" or ""not asked on this journey"" - narrow by the parent review's type before counting unanswered questions. The stage's rating is not stored here; it lives on csra_review. Holds the most sensitive data in the service: offence questions, healthcare answers and free-text risk descriptions.",likely_to_harm_cellmate_detail,27,text,,YES,,"Free text describing the risk of harm to a cellmate, shown when the answer is Yes. Expect offending, behaviour and named third parties.",SPECIAL-CATEGORY,N,
csra_assessment_stage,"The answers captured at one stage of a new (DPS) CSRA. A review record has up to two: an initial assessment has PROVISIONAL (Day 1) and/or FINAL (Day 2), a review has INTERIM and/or FINAL. Both journeys share this table, so a null answer means either ""not answered"" or ""not asked on this journey"" - narrow by the parent review's type before counting unanswered questions. The stage's rating is not stored here; it lives on csra_review. Holds the most sensitive data in the service: offence questions, healthcare answers and free-text risk descriptions.",significantly_vulnerable_detail,28,text,,YES,,"Free text describing the prisoner's vulnerability, shown when the answer is Yes. Expect health, disability and sexual orientation.",SPECIAL-CATEGORY,N,
csra_assessment_stage,"The answers captured at one stage of a new (DPS) CSRA. A review record has up to two: an initial assessment has PROVISIONAL (Day 1) and/or FINAL (Day 2), a review has INTERIM and/or FINAL. Both journeys share this table, so a null answer means either ""not answered"" or ""not asked on this journey"" - narrow by the parent review's type before counting unanswered questions. The stage's rating is not stored here; it lives on csra_review. Holds the most sensitive data in the service: offence questions, healthcare answers and free-text risk descriptions.",cause_for_concern_sharing_detail,29,text,,YES,,"Free text describing the cause for concern, shown when the answer is Yes.",SPECIAL-CATEGORY,N,
csra_assessment_stage,"The answers captured at one stage of a new (DPS) CSRA. A review record has up to two: an initial assessment has PROVISIONAL (Day 1) and/or FINAL (Day 2), a review has INTERIM and/or FINAL. Both journeys share this table, so a null answer means either ""not answered"" or ""not asked on this journey"" - narrow by the parent review's type before counting unanswered questions. The stage's rating is not stored here; it lives on csra_review. Holds the most sensitive data in the service: offence questions, healthcare answers and free-text risk descriptions.",other_high_risk_indicators_detail,30,text,,YES,,"Free text describing the other high-risk indicators, shown when the answer is Yes.",SPECIAL-CATEGORY,N,
csra_assessment_stage,"The answers captured at one stage of a new (DPS) CSRA. A review record has up to two: an initial assessment has PROVISIONAL (Day 1) and/or FINAL (Day 2), a review has INTERIM and/or FINAL. Both journeys share this table, so a null answer means either ""not answered"" or ""not asked on this journey"" - narrow by the parent review's type before counting unanswered questions. The stage's rating is not stored here; it lives on csra_review. Holds the most sensitive data in the service: offence questions, healthcare answers and free-text risk descriptions.",healthcare_increased_risk_detail,31,text,,YES,,"Free text describing what healthcare identified, shown when the answer is Yes. Data concerning health.",SPECIAL-CATEGORY,N,
csra_assessment_stage,"The answers captured at one stage of a new (DPS) CSRA. A review record has up to two: an initial assessment has PROVISIONAL (Day 1) and/or FINAL (Day 2), a review has INTERIM and/or FINAL. Both journeys share this table, so a null answer means either ""not answered"" or ""not asked on this journey"" - narrow by the parent review's type before counting unanswered questions. The stage's rating is not stored here; it lives on csra_review. Holds the most sensitive data in the service: offence questions, healthcare answers and free-text risk descriptions.",offence_murder_manslaughter_detail,32,text,,YES,,Free-text detail behind a Yes to the murder or manslaughter question. Review journey only - an initial assessment records its evidence in csra_assessment_stage_offence_evidence instead.,SPECIAL-CATEGORY,N,
csra_assessment_stage,"The answers captured at one stage of a new (DPS) CSRA. A review record has up to two: an initial assessment has PROVISIONAL (Day 1) and/or FINAL (Day 2), a review has INTERIM and/or FINAL. Both journeys share this table, so a null answer means either ""not answered"" or ""not asked on this journey"" - narrow by the parent review's type before counting unanswered questions. The stage's rating is not stored here; it lives on csra_review. Holds the most sensitive data in the service: offence questions, healthcare answers and free-text risk descriptions.",offence_assisting_suicide_detail,33,text,,YES,,Free-text detail behind a Yes to the assisting suicide question. Review journey only.,SPECIAL-CATEGORY,N,
csra_assessment_stage,"The answers captured at one stage of a new (DPS) CSRA. A review record has up to two: an initial assessment has PROVISIONAL (Day 1) and/or FINAL (Day 2), a review has INTERIM and/or FINAL. Both journeys share this table, so a null answer means either ""not answered"" or ""not asked on this journey"" - narrow by the parent review's type before counting unanswered questions. The stage's rating is not stored here; it lives on csra_review. Holds the most sensitive data in the service: offence questions, healthcare answers and free-text risk descriptions.",offence_sexual_assault_detail,34,text,,YES,,Free-text detail behind a Yes to the sexual assault question. Review journey only.,SPECIAL-CATEGORY,N,
csra_assessment_stage,"The answers captured at one stage of a new (DPS) CSRA. A review record has up to two: an initial assessment has PROVISIONAL (Day 1) and/or FINAL (Day 2), a review has INTERIM and/or FINAL. Both journeys share this table, so a null answer means either ""not answered"" or ""not asked on this journey"" - narrow by the parent review's type before counting unanswered questions. The stage's rating is not stored here; it lives on csra_review. Holds the most sensitive data in the service: offence questions, healthcare answers and free-text risk descriptions.",offence_repeated_violence_detail,35,text,,YES,,Free-text detail behind a Yes to the repeated violence question. Review journey only.,SPECIAL-CATEGORY,N,
csra_assessment_stage,"The answers captured at one stage of a new (DPS) CSRA. A review record has up to two: an initial assessment has PROVISIONAL (Day 1) and/or FINAL (Day 2), a review has INTERIM and/or FINAL. Both journeys share this table, so a null answer means either ""not answered"" or ""not asked on this journey"" - narrow by the parent review's type before counting unanswered questions. The stage's rating is not stored here; it lives on csra_review. Holds the most sensitive data in the service: offence questions, healthcare answers and free-text risk descriptions.",offence_prejudice_motivated_detail,36,text,,YES,,"Free-text detail behind a Yes to the prejudice-motivated question. Likely to describe the race, religion or sexual orientation of a victim as well as the prisoner's own behaviour.",SPECIAL-CATEGORY,N,
csra_assessment_stage,"The answers captured at one stage of a new (DPS) CSRA. A review record has up to two: an initial assessment has PROVISIONAL (Day 1) and/or FINAL (Day 2), a review has INTERIM and/or FINAL. Both journeys share this table, so a null answer means either ""not answered"" or ""not asked on this journey"" - narrow by the parent review's type before counting unanswered questions. The stage's rating is not stored here; it lives on csra_review. Holds the most sensitive data in the service: offence questions, healthcare answers and free-text risk descriptions.",offence_arson_detail,37,text,,YES,,Free-text detail behind a Yes to the arson question. Review journey only.,SPECIAL-CATEGORY,N,
csra_assessment_stage,"The answers captured at one stage of a new (DPS) CSRA. A review record has up to two: an initial assessment has PROVISIONAL (Day 1) and/or FINAL (Day 2), a review has INTERIM and/or FINAL. Both journeys share this table, so a null answer means either ""not answered"" or ""not asked on this journey"" - narrow by the parent review's type before counting unanswered questions. The stage's rating is not stored here; it lives on csra_review. Holds the most sensitive data in the service: offence questions, healthcare answers and free-text risk descriptions.",offence_kidnap_hostage_detail,38,text,,YES,,Free-text detail behind a Yes to the kidnap or hostage question. Review journey only.,SPECIAL-CATEGORY,N,
csra_assessment_stage,"The answers captured at one stage of a new (DPS) CSRA. A review record has up to two: an initial assessment has PROVISIONAL (Day 1) and/or FINAL (Day 2), a review has INTERIM and/or FINAL. Both journeys share this table, so a null answer means either ""not answered"" or ""not asked on this journey"" - narrow by the parent review's type before counting unanswered questions. The stage's rating is not stored here; it lives on csra_review. Holds the most sensitive data in the service: offence questions, healthcare answers and free-text risk descriptions.",review_reason,39,character varying,60,YES,,"Why the review was held - SCHEDULED_LONG_TERM_HIGH_RISK_REVIEW, SHORT_TERM_HIGH_RISK_REVIEW, NEW_OR_ADDITIONAL_INFORMATION or RECENT_CHANGE_IN_BEHAVIOUR_OR_THINKING. Captured on every review including Standard risk. Review journey only; an initial assessment leaves it null. Some values are a statement about the prisoner's behaviour.",PERSONAL,N,
csra_assessment_stage,"The answers captured at one stage of a new (DPS) CSRA. A review record has up to two: an initial assessment has PROVISIONAL (Day 1) and/or FINAL (Day 2), a review has INTERIM and/or FINAL. Both journeys share this table, so a null answer means either ""not answered"" or ""not asked on this journey"" - narrow by the parent review's type before counting unanswered questions. The stage's rating is not stored here; it lives on csra_review. Holds the most sensitive data in the service: offence questions, healthcare answers and free-text risk descriptions.",mdt_chair_name,40,text,,YES,,"Free-text name of whoever chaired the multidisciplinary meeting. A name typed by hand, with no staff lookup behind it. Review journey only.",STAFF,N,
csra_assessment_stage,"The answers captured at one stage of a new (DPS) CSRA. A review record has up to two: an initial assessment has PROVISIONAL (Day 1) and/or FINAL (Day 2), a review has INTERIM and/or FINAL. Both journeys share this table, so a null answer means either ""not answered"" or ""not asked on this journey"" - narrow by the parent review's type before counting unanswered questions. The stage's rating is not stored here; it lives on csra_review. Holds the most sensitive data in the service: offence questions, healthcare answers and free-text risk descriptions.",last_saved_by,41,character varying,255,YES,,Username that last saved the stage without confirming a rating. Identifies a member of staff.,STAFF,N,
csra_assessment_stage,"The answers captured at one stage of a new (DPS) CSRA. A review record has up to two: an initial assessment has PROVISIONAL (Day 1) and/or FINAL (Day 2), a review has INTERIM and/or FINAL. Both journeys share this table, so a null answer means either ""not answered"" or ""not asked on this journey"" - narrow by the parent review's type before counting unanswered questions. The stage's rating is not stored here; it lives on csra_review. Holds the most sensitive data in the service: offence questions, healthcare answers and free-text risk descriptions.",last_saved_at,42,timestamp without time zone,,YES,,When the stage was last saved without confirming a rating.,NONE,N,
csra_assessment_stage,"The answers captured at one stage of a new (DPS) CSRA. A review record has up to two: an initial assessment has PROVISIONAL (Day 1) and/or FINAL (Day 2), a review has INTERIM and/or FINAL. Both journeys share this table, so a null answer means either ""not answered"" or ""not asked on this journey"" - narrow by the parent review's type before counting unanswered questions. The stage's rating is not stored here; it lives on csra_review. Holds the most sensitive data in the service: offence questions, healthcare answers and free-text risk descriptions.",version,43,integer,,NO,1,Optimistic locking version for concurrent updates,NONE,N,
csra_assessment_stage_evidence_source,"One evidence source the reviewer consulted, from the review journey's multi-select. One row per selected source, unique per stage and source. A different question from the offence-evidence table: this records which sources were looked at, not where a specific piece of evidence came from. Review journey only - an initial assessment uses the four *_checked booleans on the parent, which do not extend to a list this long.",id,1,uuid,,NO,,Primary key. Time-ordered UUID v7.,NONE,Y,
csra_assessment_stage_evidence_source,"One evidence source the reviewer consulted, from the review journey's multi-select. One row per selected source, unique per stage and source. A different question from the offence-evidence table: this records which sources were looked at, not where a specific piece of evidence came from. Review journey only - an initial assessment uses the four *_checked booleans on the parent, which do not extend to a list this long.",stage_id,2,uuid,,NO,,Foreign key to csra_assessment_stage. Deleted with the stage.,NONE,N,csra_assessment_stage
csra_assessment_stage_evidence_source,"One evidence source the reviewer consulted, from the review journey's multi-select. One row per selected source, unique per stage and source. A different question from the offence-evidence table: this records which sources were looked at, not where a specific piece of evidence came from. Review journey only - an initial assessment uses the four *_checked booleans on the parent, which do not extend to a list this long.",source,3,character varying,40,NO,,"The source consulted - one of ALLOCATION_BOARD, ASSET_PLUS, DPS, HEALTHCARE_ASSESSMENT, INCENTIVES_REVIEW, MAPPA_REVIEW, INTELLIGENCE_MANAGEMENT_SERVICE, OASYS, PLACEMENT_REVIEW_FORM, PNC, RECATEGORISATION_REVIEW, ROTL_BOARD, SAFETY_AND_SECURITY_FORM, SAFETY_DIAGNOSTIC_TOOL, SECURITY_FILE, SENTENCE_PLAN, TRANSFER_CONFIRMATION_FORM, VIPER or OTHER. Some values imply something about the prisoner - that a MAPPA review or healthcare assessment exists for them.",PERSONAL,N,
csra_assessment_stage_evidence_source,"One evidence source the reviewer consulted, from the review journey's multi-select. One row per selected source, unique per stage and source. A different question from the offence-evidence table: this records which sources were looked at, not where a specific piece of evidence came from. Review journey only - an initial assessment uses the four *_checked booleans on the parent, which do not extend to a list this long.",details,4,text,,YES,,Free text naming the source when OTHER is selected. Null for every named source.,PERSONAL,N,
csra_assessment_stage_offence_evidence,"The evidence behind a Yes to one of the seven offence questions on an initial assessment stage: where it was found, and free text describing it. At most one row per stage and offence. Unlike the answer columns on the parent, the source flags are non-null - a row only exists because the assessor reached the ""where did you find evidence of...?"" screen, so an unticked box means ""not this source"", not ""not answered"". The review journey records the same thing in the offence detail columns on the parent instead.",id,1,uuid,,NO,,Primary key. Time-ordered UUID v7.,NONE,Y,
csra_assessment_stage_offence_evidence,"The evidence behind a Yes to one of the seven offence questions on an initial assessment stage: where it was found, and free text describing it. At most one row per stage and offence. Unlike the answer columns on the parent, the source flags are non-null - a row only exists because the assessor reached the ""where did you find evidence of...?"" screen, so an unticked box means ""not this source"", not ""not answered"". The review journey records the same thing in the offence detail columns on the parent instead.",stage_id,2,uuid,,NO,,Foreign key to csra_assessment_stage. Deleted with the stage.,NONE,N,csra_assessment_stage
csra_assessment_stage_offence_evidence,"The evidence behind a Yes to one of the seven offence questions on an initial assessment stage: where it was found, and free text describing it. At most one row per stage and offence. Unlike the answer columns on the parent, the source flags are non-null - a row only exists because the assessor reached the ""where did you find evidence of...?"" screen, so an unticked box means ""not this source"", not ""not answered"". The review journey records the same thing in the offence detail columns on the parent instead.",offence,3,character varying,40,NO,,"Which offence question this evidence supports - MURDER_MANSLAUGHTER, ASSISTING_SUICIDE, SEXUAL_ASSAULT, REPEATED_VIOLENCE, PREJUDICE_MOTIVATED, ARSON or KIDNAP_HOSTAGE. The row exists only because that question was answered Yes, so it is criminal offence data about the prisoner.",SPECIAL-CATEGORY,N,
csra_assessment_stage_offence_evidence,"The evidence behind a Yes to one of the seven offence questions on an initial assessment stage: where it was found, and free text describing it. At most one row per stage and offence. Unlike the answer columns on the parent, the source flags are non-null - a row only exists because the assessor reached the ""where did you find evidence of...?"" screen, so an unticked box means ""not this source"", not ""not answered"". The review journey records the same thing in the offence detail columns on the parent instead.",pnc,4,boolean,,NO,false,Whether the evidence came from the PNC (current and previous convictions).,NONE,N,
csra_assessment_stage_offence_evidence,"The evidence behind a Yes to one of the seven offence questions on an initial assessment stage: where it was found, and free text describing it. At most one row per stage and offence. Unlike the answer columns on the parent, the source flags are non-null - a row only exists because the assessor reached the ""where did you find evidence of...?"" screen, so an unticked box means ""not this source"", not ""not answered"". The review journey records the same thing in the offence detail columns on the parent instead.",warrant,5,boolean,,NO,false,Whether the evidence came from the warrant (current charge or offence).,NONE,N,
csra_assessment_stage_offence_evidence,"The evidence behind a Yes to one of the seven offence questions on an initial assessment stage: where it was found, and free text describing it. At most one row per stage and offence. Unlike the answer columns on the parent, the source flags are non-null - a row only exists because the assessor reached the ""where did you find evidence of...?"" screen, so an unticked box means ""not this source"", not ""not answered"". The review journey records the same thing in the offence detail columns on the parent instead.",dps,6,boolean,,NO,false,Whether the evidence came from DPS (current and historical adjudications).,NONE,N,
csra_assessment_stage_offence_evidence,"The evidence behind a Yes to one of the seven offence questions on an initial assessment stage: where it was found, and free text describing it. At most one row per stage and offence. Unlike the answer columns on the parent, the source flags are non-null - a row only exists because the assessor reached the ""where did you find evidence of...?"" screen, so an unticked box means ""not this source"", not ""not answered"". The review journey records the same thing in the offence detail columns on the parent instead.",per,7,boolean,,NO,false,Whether the evidence came from the Person Escort Record.,NONE,N,
csra_assessment_stage_offence_evidence,"The evidence behind a Yes to one of the seven offence questions on an initial assessment stage: where it was found, and free text describing it. At most one row per stage and offence. Unlike the answer columns on the parent, the source flags are non-null - a row only exists because the assessor reached the ""where did you find evidence of...?"" screen, so an unticked box means ""not this source"", not ""not answered"". The review journey records the same thing in the offence detail columns on the parent instead.",other,8,boolean,,NO,false,"Whether the evidence came from a source not in the list, named in other_source_detail.",NONE,N,
csra_assessment_stage_offence_evidence,"The evidence behind a Yes to one of the seven offence questions on an initial assessment stage: where it was found, and free text describing it. At most one row per stage and offence. Unlike the answer columns on the parent, the source flags are non-null - a row only exists because the assessor reached the ""where did you find evidence of...?"" screen, so an unticked box means ""not this source"", not ""not answered"". The review journey records the same thing in the offence detail columns on the parent instead.",other_source_detail,9,text,,YES,,"Free text naming the source when ""other"" is ticked.",PERSONAL,N,
csra_assessment_stage_offence_evidence,"The evidence behind a Yes to one of the seven offence questions on an initial assessment stage: where it was found, and free text describing it. At most one row per stage and offence. Unlike the answer columns on the parent, the source flags are non-null - a row only exists because the assessor reached the ""where did you find evidence of...?"" screen, so an unticked box means ""not this source"", not ""not answered"". The review journey records the same thing in the offence detail columns on the parent instead.",details,10,text,,YES,,Free text describing what the evidence actually was. Describes the prisoner's offending in the assessor's own words.,SPECIAL-CATEGORY,N,
csra_assessment_stage_risk_to,"A group the prisoner is judged to pose a risk to, from the ""who is this person a risk to?"" multi-select on a high-risk stage. One row per selection; NONE is itself a selection, meaning no identified risk to any of these groups.",id,1,uuid,,NO,,Primary key. Time-ordered UUID v7.,NONE,Y,
csra_assessment_stage_risk_to,"A group the prisoner is judged to pose a risk to, from the ""who is this person a risk to?"" multi-select on a high-risk stage. One row per selection; NONE is itself a selection, meaning no identified risk to any of these groups.",stage_id,2,uuid,,NO,,Foreign key to csra_assessment_stage. Deleted with the stage.,NONE,N,csra_assessment_stage
csra_assessment_stage_risk_to,"A group the prisoner is judged to pose a risk to, from the ""who is this person a risk to?"" multi-select on a high-risk stage. One row per selection; NONE is itself a selection, meaning no identified risk to any of these groups.",category,3,character varying,30,NO,,"The group at risk - DIFFERENT_ETHNICITY, DIFFERENT_RELIGION, DISABLED, GANG_MEMBERS, SEXUAL_MINORITY, OLD_PEOPLE, SPECIFIC_PERSONS, TRANSGENDER, OTHER or NONE. Records a judgement that the prisoner poses a risk to people of a particular race, religion, sexual orientation, gender identity or disability, which makes it Article 9 data about the prisoner.",SPECIAL-CATEGORY,N,
csra_assessment_stage_risk_to,"A group the prisoner is judged to pose a risk to, from the ""who is this person a risk to?"" multi-select on a high-risk stage. One row per selection; NONE is itself a selection, meaning no identified risk to any of these groups.",details,4,text,,YES,,"Free text expanding on the selection, used mainly for OTHER and SPECIFIC_PERSONS. SPECIFIC_PERSONS means this routinely names third parties.",SPECIAL-CATEGORY,N,
csra_assessment_stage_vulnerability,"A vulnerable or at-risk group the prisoner is judged to belong to, from the ""is this person part of a vulnerable or at-risk group?"" multi-select on a high-risk stage. One row per selection; NONE means no identified vulnerabilities. The most directly special category table in the schema - every value is a characteristic of the prisoner rather than a judgement about their behaviour.",id,1,uuid,,NO,,Primary key. Time-ordered UUID v7.,NONE,Y,
csra_assessment_stage_vulnerability,"A vulnerable or at-risk group the prisoner is judged to belong to, from the ""is this person part of a vulnerable or at-risk group?"" multi-select on a high-risk stage. One row per selection; NONE means no identified vulnerabilities. The most directly special category table in the schema - every value is a characteristic of the prisoner rather than a judgement about their behaviour.",stage_id,2,uuid,,NO,,Foreign key to csra_assessment_stage. Deleted with the stage.,NONE,N,csra_assessment_stage
csra_assessment_stage_vulnerability,"A vulnerable or at-risk group the prisoner is judged to belong to, from the ""is this person part of a vulnerable or at-risk group?"" multi-select on a high-risk stage. One row per selection; NONE means no identified vulnerabilities. The most directly special category table in the schema - every value is a characteristic of the prisoner rather than a judgement about their behaviour.",category,3,character varying,30,NO,,"The group the prisoner belongs to - DISABLED, SEXUAL_MINORITY, MENTAL_HEALTH, NEURODIVERSITY, OFFENCE_TYPE, OLD_PEOPLE, TRANSGENDER, OTHER or NONE. Health, disability, sexual orientation and gender reassignment are all Article 9 data about the prisoner.",SPECIAL-CATEGORY,N,
csra_assessment_stage_vulnerability,"A vulnerable or at-risk group the prisoner is judged to belong to, from the ""is this person part of a vulnerable or at-risk group?"" multi-select on a high-risk stage. One row per selection; NONE means no identified vulnerabilities. The most directly special category table in the schema - every value is a characteristic of the prisoner rather than a judgement about their behaviour.",details,4,text,,YES,,"Free text expanding on the selection, used mainly for OTHER. Expect health and disability detail.",SPECIAL-CATEGORY,N,
csra_current_rating,"A prisoner's single current CSRA rating. One row per prisoner, and the source of truth for ""what is this person's rating today"" - it is a stateful projection, not derived on read. It changes only when a rating is saved or when readmission after release resets it, and deliberately persists while a new assessment is merely in progress. A null rating means ""No rating"".",id,1,uuid,,NO,,Primary key. Time-ordered UUID v7.,NONE,Y,
csra_current_rating,"A prisoner's single current CSRA rating. One row per prisoner, and the source of truth for ""what is this person's rating today"" - it is a stateful projection, not derived on read. It changes only when a rating is saved or when readmission after release resets it, and deliberately persists while a new assessment is merely in progress. A null rating means ""No rating"".",prisoner_number,2,character varying,10,NO,,NOMIS offender number (noms id) of the prisoner this rating is for. One row per prisoner.,PERSONAL,N,
csra_current_rating,"A prisoner's single current CSRA rating. One row per prisoner, and the source of truth for ""what is this person's rating today"" - it is a stateful projection, not derived on read. It changes only when a rating is saved or when readmission after release resets it, and deliberately persists while a new assessment is merely in progress. A null rating means ""No rating"".",rating,3,character varying,20,YES,,"The current rating - HIGH, HIGH_GENERAL, HIGH_SPECIFIC or STANDARD. Null means ""No rating"", which is a real state rather than missing data. A risk judgement about the prisoner that determines whether they can share a cell.",PERSONAL,N,
csra_current_rating,"A prisoner's single current CSRA rating. One row per prisoner, and the source of truth for ""what is this person's rating today"" - it is a stateful projection, not derived on read. It changes only when a rating is saved or when readmission after release resets it, and deliberately persists while a new assessment is merely in progress. A null rating means ""No rating"".",provisional,4,boolean,,NO,false,Whether the current rating came from a provisional or interim stage rather than a completed one.,NONE,N,
csra_current_rating,"A prisoner's single current CSRA rating. One row per prisoner, and the source of truth for ""what is this person's rating today"" - it is a stateful projection, not derived on read. It changes only when a rating is saved or when readmission after release resets it, and deliberately persists while a new assessment is merely in progress. A null rating means ""No rating"".",assessment_type,5,character varying,20,YES,,"Which kind of assessment produced the rating, bucketed for display.",NONE,N,
csra_current_rating,"A prisoner's single current CSRA rating. One row per prisoner, and the source of truth for ""what is this person's rating today"" - it is a stateful projection, not derived on read. It changes only when a rating is saved or when readmission after release resets it, and deliberately persists while a new assessment is merely in progress. A null rating means ""No rating"".",rating_date,6,date,,YES,,The date the current rating was given.,NONE,N,
csra_current_rating,"A prisoner's single current CSRA rating. One row per prisoner, and the source of truth for ""what is this person's rating today"" - it is a stateful projection, not derived on read. It changes only when a rating is saved or when readmission after release resets it, and deliberately persists while a new assessment is merely in progress. A null rating means ""No rating"".",set_by_review_id,7,uuid,,YES,,"The csra_review that set this rating, for loading the fuller detail. Null when the rating was reset to ""No rating"" on readmission.",NONE,N,
csra_current_rating,"A prisoner's single current CSRA rating. One row per prisoner, and the source of truth for ""what is this person's rating today"" - it is a stateful projection, not derived on read. It changes only when a rating is saved or when readmission after release resets it, and deliberately persists while a new assessment is merely in progress. A null rating means ""No rating"".",set_reason,8,character varying,40,NO,,"Why the rating was last set - RATING_SAVED, or NO_RATING_ON_READMISSION when a readmission after release cleared it. The latter indicates the prisoner was released and returned to custody.",PERSONAL,N,
csra_current_rating,"A prisoner's single current CSRA rating. One row per prisoner, and the source of truth for ""what is this person's rating today"" - it is a stateful projection, not derived on read. It changes only when a rating is saved or when readmission after release resets it, and deliberately persists while a new assessment is merely in progress. A null rating means ""No rating"".",set_at,9,timestamp without time zone,,NO,,When the rating was last set.,NONE,N,
csra_current_rating,"A prisoner's single current CSRA rating. One row per prisoner, and the source of truth for ""what is this person's rating today"" - it is a stateful projection, not derived on read. It changes only when a rating is saved or when readmission after release resets it, and deliberately persists while a new assessment is merely in progress. A null rating means ""No rating"".",set_by,10,character varying,40,YES,,"Username that last set the rating, or the system user when a movement event did it. Identifies a member of staff.",STAFF,N,
csra_next_review,"The single next-review-due date currently in force for a prisoner. One row per prisoner however many reviews they accumulate, overwritten each time a review sets a new date, and what drives the ""high risk prisoners due for review"" worklist. The date NOMIS recorded on an individual historic review is on csra_review_nomis instead.",id,1,uuid,,NO,,Primary key. Time-ordered UUID v7.,NONE,Y,
csra_next_review,"The single next-review-due date currently in force for a prisoner. One row per prisoner however many reviews they accumulate, overwritten each time a review sets a new date, and what drives the ""high risk prisoners due for review"" worklist. The date NOMIS recorded on an individual historic review is on csra_review_nomis instead.",prisoner_number,2,character varying,10,NO,,NOMIS offender number (noms id) of the prisoner the date is for. One row per prisoner.,PERSONAL,N,
csra_next_review,"The single next-review-due date currently in force for a prisoner. One row per prisoner however many reviews they accumulate, overwritten each time a review sets a new date, and what drives the ""high risk prisoners due for review"" worklist. The date NOMIS recorded on an individual historic review is on csra_review_nomis instead.",next_review_date,3,date,,YES,,"When the prisoner's CSRA is next due for review - twelve months on from a high-risk final rating, chosen by the reviewer on the review journey, and cleared when a rating no longer requires one. Its presence therefore indicates a high-risk rating.",PERSONAL,N,
csra_next_review,"The single next-review-due date currently in force for a prisoner. One row per prisoner however many reviews they accumulate, overwritten each time a review sets a new date, and what drives the ""high risk prisoners due for review"" worklist. The date NOMIS recorded on an individual historic review is on csra_review_nomis instead.",set_by_review_id,4,uuid,,NO,,The csra_review that last set this date.,NONE,N,csra_review
csra_next_review,"The single next-review-due date currently in force for a prisoner. One row per prisoner however many reviews they accumulate, overwritten each time a review sets a new date, and what drives the ""high risk prisoners due for review"" worklist. The date NOMIS recorded on an individual historic review is on csra_review_nomis instead.",updated_at,5,timestamp without time zone,,NO,,When the date was last set.,NONE,N,
csra_next_review,"The single next-review-due date currently in force for a prisoner. One row per prisoner however many reviews they accumulate, overwritten each time a review sets a new date, and what drives the ""high risk prisoners due for review"" worklist. The date NOMIS recorded on an individual historic review is on csra_review_nomis instead.",updated_by,6,character varying,40,YES,,"Username that last set the date, or the system user for migrated and synchronised rows. Identifies a member of staff.",STAFF,N,
csra_review,One cell sharing risk assessment or review for a prisoner. Holds only what is common to both the new DPS journeys and reviews migrated from NOMIS; legacy-only NOMIS detail hangs off csra_review_nomis and the new-model captured answers off csra_assessment_stage. A prisoner accumulates many of these over time - the one that counts today is the projection in csra_current_rating.,id,1,uuid,,NO,,"Primary key. Time-ordered UUID v7, so insert order matches id order.",NONE,Y,
csra_review,One cell sharing risk assessment or review for a prisoner. Holds only what is common to both the new DPS journeys and reviews migrated from NOMIS; legacy-only NOMIS detail hangs off csra_review_nomis and the new-model captured answers off csra_assessment_stage. A prisoner accumulates many of these over time - the one that counts today is the projection in csra_current_rating.,prisoner_number,2,character varying,10,NO,,NOMIS offender number (noms id) of the prisoner assessed. The link that makes every row here personal data about that prisoner.,PERSONAL,N,
csra_review,One cell sharing risk assessment or review for a prisoner. Holds only what is common to both the new DPS journeys and reviews migrated from NOMIS; legacy-only NOMIS detail hangs off csra_review_nomis and the new-model captured answers off csra_assessment_stage. A prisoner accumulates many of these over time - the one that counts today is the projection in csra_current_rating.,prison_id,3,character varying,6,YES,,"Agency (prison) code where the assessment took place - for a multi-stage assessment, its latest stage. Null identifies a row migrated from NOMIS, which does not always send it; every DPS write path requires it. Indicates where the prisoner was held.",PERSONAL,N,
csra_review,One cell sharing risk assessment or review for a prisoner. Holds only what is common to both the new DPS journeys and reviews migrated from NOMIS; legacy-only NOMIS detail hangs off csra_review_nomis and the new-model captured answers off csra_assessment_stage. A prisoner accumulates many of these over time - the one that counts today is the projection in csra_current_rating.,assessment_date,4,date,,NO,,Date the assessment or review was started.,NONE,N,
csra_review,One cell sharing risk assessment or review for a prisoner. Holds only what is common to both the new DPS journeys and reviews migrated from NOMIS; legacy-only NOMIS detail hangs off csra_review_nomis and the new-model captured answers off csra_assessment_stage. A prisoner accumulates many of these over time - the one that counts today is the projection in csra_current_rating.,type,5,character varying,20,NO,,"The kind of assessment. CSRA_INITIAL_REVIEW and CSRA_REVIEW are the new DPS journeys; FULL, HEALTH, LOCATE, RATING, RECEPTION and REVIEW are legacy NOMIS types mapped on during migration.",NONE,N,
csra_review,One cell sharing risk assessment or review for a prisoner. Holds only what is common to both the new DPS journeys and reviews migrated from NOMIS; legacy-only NOMIS detail hangs off csra_review_nomis and the new-model captured answers off csra_assessment_stage. A prisoner accumulates many of these over time - the one that counts today is the projection in csra_current_rating.,interim_result,6,character varying,20,YES,,"The rating issued at the first stage, when the assessment or review could not be completed in one sitting - HIGH, HIGH_GENERAL, HIGH_SPECIFIC or STANDARD. Not set for migrated legacy reviews. A risk judgement about the prisoner.",PERSONAL,N,
csra_review,One cell sharing risk assessment or review for a prisoner. Holds only what is common to both the new DPS journeys and reviews migrated from NOMIS; legacy-only NOMIS detail hangs off csra_review_nomis and the new-model captured answers off csra_assessment_stage. A prisoner accumulates many of these over time - the one that counts today is the projection in csra_current_rating.,interim_result_date,7,date,,YES,,Date the interim or provisional rating was issued.,NONE,N,
csra_review,One cell sharing risk assessment or review for a prisoner. Holds only what is common to both the new DPS journeys and reviews migrated from NOMIS; legacy-only NOMIS detail hangs off csra_review_nomis and the new-model captured answers off csra_assessment_stage. A prisoner accumulates many of these over time - the one that counts today is the projection in csra_current_rating.,final_result,8,character varying,20,YES,,"The rating that completed the assessment or review - HIGH (legacy NOMIS, no general/specific split), HIGH_GENERAL (cannot share with anyone), HIGH_SPECIFIC (can share only with certain prisoners) or STANDARD (can share). A risk judgement about the prisoner.",PERSONAL,N,
csra_review,One cell sharing risk assessment or review for a prisoner. Holds only what is common to both the new DPS journeys and reviews migrated from NOMIS; legacy-only NOMIS detail hangs off csra_review_nomis and the new-model captured answers off csra_assessment_stage. A prisoner accumulates many of these over time - the one that counts today is the projection in csra_current_rating.,final_result_date,9,date,,YES,,Date the final rating was issued.,NONE,N,
csra_review,One cell sharing risk assessment or review for a prisoner. Holds only what is common to both the new DPS journeys and reviews migrated from NOMIS; legacy-only NOMIS detail hangs off csra_review_nomis and the new-model captured answers off csra_assessment_stage. A prisoner accumulates many of these over time - the one that counts today is the projection in csra_current_rating.,created_at,11,timestamp without time zone,,NO,,"When the review record was created. For migrated rows this is NOMIS's own creation timestamp, which is why values go back to 2006 - see csra_review_nomis.ingested_at for when the data actually reached this service.",NONE,N,
csra_review,One cell sharing risk assessment or review for a prisoner. Holds only what is common to both the new DPS journeys and reviews migrated from NOMIS; legacy-only NOMIS detail hangs off csra_review_nomis and the new-model captured answers off csra_assessment_stage. A prisoner accumulates many of these over time - the one that counts today is the projection in csra_current_rating.,created_by,12,character varying,40,NO,,"Username that created the review, or the system user for migrated and synchronised rows. Identifies a member of staff.",STAFF,N,
csra_review,One cell sharing risk assessment or review for a prisoner. Holds only what is common to both the new DPS journeys and reviews migrated from NOMIS; legacy-only NOMIS detail hangs off csra_review_nomis and the new-model captured answers off csra_assessment_stage. A prisoner accumulates many of these over time - the one that counts today is the projection in csra_current_rating.,last_modified_at,13,timestamp without time zone,,YES,,When the review was last changed. Null if it has not been changed since creation.,NONE,N,
csra_review,One cell sharing risk assessment or review for a prisoner. Holds only what is common to both the new DPS journeys and reviews migrated from NOMIS; legacy-only NOMIS detail hangs off csra_review_nomis and the new-model captured answers off csra_assessment_stage. A prisoner accumulates many of these over time - the one that counts today is the projection in csra_current_rating.,last_modified_by,14,character varying,40,YES,,Username that last changed the review. Identifies a member of staff.,STAFF,N,
csra_review,One cell sharing risk assessment or review for a prisoner. Holds only what is common to both the new DPS journeys and reviews migrated from NOMIS; legacy-only NOMIS detail hangs off csra_review_nomis and the new-model captured answers off csra_assessment_stage. A prisoner accumulates many of these over time - the one that counts today is the projection in csra_current_rating.,status,15,character varying,20,NO,'IN_PROGRESS'::character varying,"Lifecycle state. IN_PROGRESS (started, no final rating), COMPLETE (final rating recorded, and the state of every migrated review), CLOSED (in progress with a rating that still stands, closed out by a move), ARCHIVED (in progress with no rating, hidden from the service but retained for investigation).",NONE,N,
csra_review,One cell sharing risk assessment or review for a prisoner. Holds only what is common to both the new DPS journeys and reviews migrated from NOMIS; legacy-only NOMIS detail hangs off csra_review_nomis and the new-model captured answers off csra_assessment_stage. A prisoner accumulates many of these over time - the one that counts today is the projection in csra_current_rating.,closure_reason,16,character varying,40,YES,,Why an in-progress review was closed or archived - NOT_COMPLETED_PRISONER_TRANSFER (moved to another establishment) or NOT_COMPLETED_PRISONER_RELEASE (readmitted after a period of release). Its presence indicates the prisoner moved mid-assessment.,PERSONAL,N,
csra_review,One cell sharing risk assessment or review for a prisoner. Holds only what is common to both the new DPS journeys and reviews migrated from NOMIS; legacy-only NOMIS detail hangs off csra_review_nomis and the new-model captured answers off csra_assessment_stage. A prisoner accumulates many of these over time - the one that counts today is the projection in csra_current_rating.,closed_at,17,timestamp without time zone,,YES,,When the review was closed or archived. Null while it is still open or was completed normally.,NONE,N,
csra_review,One cell sharing risk assessment or review for a prisoner. Holds only what is common to both the new DPS journeys and reviews migrated from NOMIS; legacy-only NOMIS detail hangs off csra_review_nomis and the new-model captured answers off csra_assessment_stage. A prisoner accumulates many of these over time - the one that counts today is the projection in csra_current_rating.,closed_by,18,character varying,40,YES,,"Username that closed or archived the review, or the system user when a prisoner movement did it. Identifies a member of staff.",STAFF,N,
csra_review_nomis,"The extra legacy data for a review migrated or synchronised from NOMIS, held verbatim alongside the core csra_review record rather than mapped onto it. At most one row per review, and none at all for reviews created in DPS. Values are raw NOMIS codes, not the DPS model.",id,1,uuid,,NO,,Primary key. Time-ordered UUID v7.,NONE,Y,
csra_review_nomis,"The extra legacy data for a review migrated or synchronised from NOMIS, held verbatim alongside the core csra_review record rather than mapped onto it. At most one row per review, and none at all for reviews created in DPS. Values are raw NOMIS codes, not the DPS model.",csra_review_id,2,uuid,,NO,,Foreign key to csra_review - the review this legacy data belongs to.,NONE,N,csra_review
csra_review_nomis,"The extra legacy data for a review migrated or synchronised from NOMIS, held verbatim alongside the core csra_review record rather than mapped onto it. At most one row per review, and none at all for reviews created in DPS. Values are raw NOMIS codes, not the DPS model.",score,3,numeric,,YES,,The numeric score NOMIS calculated for the assessment. A risk score about the prisoner.,PERSONAL,N,
csra_review_nomis,"The extra legacy data for a review migrated or synchronised from NOMIS, held verbatim alongside the core csra_review record rather than mapped onto it. At most one row per review, and none at all for reviews created in DPS. Values are raw NOMIS codes, not the DPS model.",status,4,character varying,10,YES,,The review's status in NOMIS. A status of P (pending) is what makes a migrated rating provisional rather than final.,NONE,N,
csra_review_nomis,"The extra legacy data for a review migrated or synchronised from NOMIS, held verbatim alongside the core csra_review record rather than mapped onto it. At most one row per review, and none at all for reviews created in DPS. Values are raw NOMIS codes, not the DPS model.",calculated_level,5,character varying,10,YES,,"The CSRA level NOMIS calculated from the answers, before any reviewer override. A risk judgement about the prisoner.",PERSONAL,N,
csra_review_nomis,"The extra legacy data for a review migrated or synchronised from NOMIS, held verbatim alongside the core csra_review record rather than mapped onto it. At most one row per review, and none at all for reviews created in DPS. Values are raw NOMIS codes, not the DPS model.",review_level,6,character varying,10,YES,,"The level the reviewer recorded - what NOMIS displays as the approved result, and what the DPS rating is derived from. Do not confuse with approved_level. A risk judgement about the prisoner.",PERSONAL,N,
csra_review_nomis,"The extra legacy data for a review migrated or synchronised from NOMIS, held verbatim alongside the core csra_review record rather than mapped onto it. At most one row per review, and none at all for reviews created in DPS. Values are raw NOMIS codes, not the DPS model.",approved_level,7,character varying,10,YES,,"NOMIS's APPROVED_SUP_LEVEL_TYPE. Null on every known CSRA row - NOMIS never populated it, and prison-api does not even map it. Kept for fidelity; read review_level instead.",PERSONAL,N,
csra_review_nomis,"The extra legacy data for a review migrated or synchronised from NOMIS, held verbatim alongside the core csra_review record rather than mapped onto it. At most one row per review, and none at all for reviews created in DPS. Values are raw NOMIS codes, not the DPS model.",committee_code,8,character varying,20,YES,,The NOMIS committee code recorded against the assessment.,NONE,N,
csra_review_nomis,"The extra legacy data for a review migrated or synchronised from NOMIS, held verbatim alongside the core csra_review record rather than mapped onto it. At most one row per review, and none at all for reviews created in DPS. Values are raw NOMIS codes, not the DPS model.",review_committee_code,9,character varying,20,YES,,The NOMIS committee code recorded against the review.,NONE,N,
csra_review_nomis,"The extra legacy data for a review migrated or synchronised from NOMIS, held verbatim alongside the core csra_review record rather than mapped onto it. At most one row per review, and none at all for reviews created in DPS. Values are raw NOMIS codes, not the DPS model.",evaluation_date,10,date,,YES,,The date NOMIS recorded the evaluation.,NONE,N,
csra_review_nomis,"The extra legacy data for a review migrated or synchronised from NOMIS, held verbatim alongside the core csra_review record rather than mapped onto it. At most one row per review, and none at all for reviews created in DPS. Values are raw NOMIS codes, not the DPS model.",evaluation_result_code,11,character varying,10,YES,,"The NOMIS evaluation result code - whether the assessment was approved, rejected or referred. A decision about the prisoner's assessment.",PERSONAL,N,
csra_review_nomis,"The extra legacy data for a review migrated or synchronised from NOMIS, held verbatim alongside the core csra_review record rather than mapped onto it. At most one row per review, and none at all for reviews created in DPS. Values are raw NOMIS codes, not the DPS model.",comment,12,text,,YES,,"The free-text assessment comment as recorded in NOMIS. Decades of unstructured narrative about offending, behaviour, health and third parties.",SPECIAL-CATEGORY,N,
csra_review_nomis,"The extra legacy data for a review migrated or synchronised from NOMIS, held verbatim alongside the core csra_review record rather than mapped onto it. At most one row per review, and none at all for reviews created in DPS. Values are raw NOMIS codes, not the DPS model.",review_comment,13,text,,YES,,The free-text review comment as recorded in NOMIS. Same caveat as comment.,SPECIAL-CATEGORY,N,
csra_review_nomis,"The extra legacy data for a review migrated or synchronised from NOMIS, held verbatim alongside the core csra_review record rather than mapped onto it. At most one row per review, and none at all for reviews created in DPS. Values are raw NOMIS codes, not the DPS model.",review_committee_comment,14,text,,YES,,The free-text committee comment as recorded in NOMIS. Same caveat as comment.,SPECIAL-CATEGORY,N,
csra_review_nomis,"The extra legacy data for a review migrated or synchronised from NOMIS, held verbatim alongside the core csra_review record rather than mapped onto it. At most one row per review, and none at all for reviews created in DPS. Values are raw NOMIS codes, not the DPS model.",placement_prison_id,15,character varying,6,YES,,The agency code NOMIS recorded as the placement prison. Indicates where the prisoner was to be held.,PERSONAL,N,
csra_review_nomis,"The extra legacy data for a review migrated or synchronised from NOMIS, held verbatim alongside the core csra_review record rather than mapped onto it. At most one row per review, and none at all for reviews created in DPS. Values are raw NOMIS codes, not the DPS model.",review_placement_prison_id,16,character varying,6,YES,,The agency code NOMIS recorded as the review placement prison. Indicates where the prisoner was to be held.,PERSONAL,N,
csra_review_nomis,"The extra legacy data for a review migrated or synchronised from NOMIS, held verbatim alongside the core csra_review record rather than mapped onto it. At most one row per review, and none at all for reviews created in DPS. Values are raw NOMIS codes, not the DPS model.",review_details,17,jsonb,,YES,,"The whole NOMIS question and answer tree, stored as JSONB exactly as supplied and deserialised only when needed. Written as [] rather than null by every write path. The richest single source of special category data in the schema - the legacy questionnaire covers offending, health and vulnerability.",SPECIAL-CATEGORY,N,
csra_review_nomis,"The extra legacy data for a review migrated or synchronised from NOMIS, held verbatim alongside the core csra_review record rather than mapped onto it. At most one row per review, and none at all for reviews created in DPS. Values are raw NOMIS codes, not the DPS model.",ingested_at,18,timestamp without time zone,,YES,,"When this row was last written by migration or sync - this service's wall clock, not NOMIS's. The core record's created_at is NOMIS's own timestamp, so without this there is no way to tell which migration run produced the current state. Null means the row predates the column.",NONE,N,
csra_review_nomis,"The extra legacy data for a review migrated or synchronised from NOMIS, held verbatim alongside the core csra_review record rather than mapped onto it. At most one row per review, and none at all for reviews created in DPS. Values are raw NOMIS codes, not the DPS model.",next_review_date,19,date,,YES,,"The next review date NOMIS recorded on this particular review. Distinct from csra_next_review, which holds the one date currently in force for the prisoner - never substitute one for the other. Null for rows migrated before this column existed.",PERSONAL,N,
